"id","created_at","updated_at","name","label","website","iana_timezone"
151,2019-09-04 16:59:49.136,2019-09-04 17:03:22.466,hasbean,Hasbean,https://www.hasbean.co.uk,
25,2017-11-25 20:21:31.675,2019-12-18 19:49:53.800,bluebarn,Bluebarn,https://bluebarncoffeeroasters.com/,America/Toronto
183,2019-10-31 23:49:08.457,2019-12-20 16:00:00.351,senzu coffee roasters,Senzu Coffee Roasters,https://senzucoffee.com,
34,2018-01-04 21:56:06.817,2020-04-07 19:52:35.347,kittel atelier de cafe,Kittel Atelier De Cafe,https://kittelcoffee.com/,America/Montreal
28,2017-12-23 01:35:38.626,2020-04-13 20:03:05.287,de mello palheta,De Mello Palheta,https://www.hellodemello.com/,America/Toronto
21,2017-11-15 02:19:07.924,2020-04-13 22:42:45.404,anchored coffee,Anchored Coffee,https://anchoredcoffee.com,America/Halifax
2,2017-09-20 01:28:47.441,2021-01-01 21:25:54.483,detour coffee roasters,Detour Coffee Roasters,https://detourcoffee.com/,America/Toronto
44,2018-09-04 14:24:40.273,2018-09-14 01:58:25.090,faro roasting house,FARO Roasting House,https://farocoffee.com/,America/Toronto
23,2017-11-15 20:53:01.043,2018-09-14 01:32:07.572,bows and arrows coffee roasters,Bows And Arrows Coffee Roasters,https://bowsandarrowscoffee.com,America/Vancouver
1,2017-09-19 03:23:14.166,2018-09-14 02:34:58.814,phil & sebastian,Phil & Sebastian,https://philsebastian.com/,America/Edmonton
4,2017-09-21 14:09:06.667,2018-08-16 01:46:23.799,"49th parallel","49th Parallel",https://49thcoffee.com/,
43,2018-09-02 14:14:24.053,2018-09-14 02:40:03.831,square mile coffee roasters,Square Mile Coffee Roasters,https://shop.squaremilecoffee.com/,America/Toronto
24,2017-11-16 23:42:07.428,2018-09-14 01:19:00.495,saint-henri micro torrefacteur,Saint-Henri Micro Torrefacteur,https://www.sainthenri.ca,America/Toronto
39,2018-04-15 23:44:50.719,2018-09-14 01:22:30.724,"94 celcius","94 Celcius",https://94celcius.com,
20,2017-10-13 15:18:13.388,2018-09-14 01:41:28.857,city of saints coffee roasters,City Of Saints Coffee Roasters,https://www.cityofsaintscoffee.com/,America/Toronto
13,2017-09-23 00:06:16.002,2018-09-14 01:44:43.745,counter culture,Counter Culture,https://www.counterculturecoffee.com,America/Toronto
29,2017-12-31 18:45:43.279,2018-12-20 16:20:47.821,laughing whale,Laughing Whale,http://www.laughingwhalecoffee.com/,
26,2017-11-30 23:32:35.106,2018-09-14 01:56:42.982,dogwood canada,Dogwood Canada,https://dogwoodcoffee.ca/,America/Chicago
47,2018-09-13 15:44:34.426,2018-09-14 02:00:23.288,firebat coffee,Firebat Coffee,https://firebatcoffee.com/,
31,2018-01-01 23:44:50.318,2018-09-14 02:03:33.990,fratello,Fratello,http://www.fratellocoffee.com/,America/Edmonton
40,2018-05-23 12:18:20.720,2018-09-14 02:08:31.889,fuglen coffee roasters,Fuglen Coffee Roasters,https://fuglencoffee.com,America/Toronto
12,2017-09-22 23:46:24.303,2018-09-14 02:17:39.987,intelligentsia,Intelligentsia,https://www.intelligentsiacoffee.com,America/Chicago
36,2018-04-15 23:36:11.000,2018-09-14 02:54:41.950,brio coffeeworks,Brio Coffeeworks,https://briocoffeeworks.com,America/Toronto
6,2017-09-22 01:19:26.832,2019-01-09 03:01:16.292,right side coffee roasters,Right Side Coffee Roasters,https://www.rightsidecoffee.com/,
8,2017-09-22 01:20:20.273,2019-01-09 03:07:50.371,slowmov,SlowMov,https://slowmov.com/en/,
33,2018-01-04 21:44:12.265,2019-01-09 03:19:17.968,milano coffee,Milano Coffee,http://www.milanocoffee.ca,America/Vancouver
27,2017-12-01 01:29:05.452,2018-09-14 02:12:01.129,hale coffee,Hale Coffee,https://www.halecoffee.com/,America/Toronto
17,2017-09-25 01:04:27.947,2018-09-14 02:36:42.154,pilot,Pilot,https://www.pilotcoffeeroasters.com,America/Toronto
38,2018-04-15 23:39:51.090,2018-09-14 02:53:09.375,structure coffee roasters,Structure Coffee Roasters,https://structurecoffeeroasters.com,America/Montreal
152,2019-09-06 16:36:03.101,2019-09-06 16:37:06.740,pablo and rustys,Pablo and Rustys,https://shop.pabloandrustys.com.au,
48,2018-09-15 20:23:47.086,2019-07-27 18:21:03.041,reunion coffee roasters,Reunion Coffee Roasters,https://reunioncoffeeroasters.com,America/Toronto
186,2019-11-06 21:20:41.443,2019-11-06 21:22:06.374,frukt coffee roasters,Frukt Coffee Roasters,https://fruktcoffeeroasters.com/,
160,2019-09-18 23:06:50.160,2019-09-18 23:48:58.627,modus coffee roasters,Modus Coffee Roasters,http://www.moduscoffee.com,
167,2019-10-01 00:52:36.371,2019-10-01 00:53:08.594,canoe coffee roasters,Canoe Coffee Roasters,https://canoecoffeeroasters.com,
173,2019-10-12 19:32:35.066,2019-10-12 20:15:09.622,good folks,Good Folks,https://goodfolkscoffee.com,
37,2018-04-15 23:37:53.343,2019-10-13 19:05:50.422,traffic coffee crew,Traffic Coffee Crew,https://www.trafficcoffee.com/,America/Montreal
191,2019-11-15 20:26:23.330,2019-11-15 20:28:55.662,rocket bean roastery,Rocket Bean Roastery,https://www.rocketbeanroastery.com/,
180,2019-10-25 21:34:11.667,2019-10-25 21:37:09.056,cafe piha,Cafe Piha,https://www.cafepiha.com,
195,2019-11-27 13:36:24.752,2019-12-01 19:55:49.288,greater goods coffee co.,Greater Goods Coffee Co.,https://greatergoodsroasting.com,
199,2019-12-11 20:53:56.059,2019-12-11 21:39:12.341,friedhats,Friedhats,https://friedhats.com/,
204,2019-12-18 15:10:51.942,2019-12-18 15:12:18.345,populace coffee roasters,Populace Coffee Roasters,https://populace.coffee/,
30,2017-12-31 18:54:37.695,2019-12-18 18:57:49.019,transcend,Transcend,https://transcendcoffee.ca/,America/Edmonton
211,2020-01-03 01:13:10.206,2020-01-03 01:14:11.333,tusell tostadores,Tusell Tostadores,https://tuselltostadores.com/,
215,2020-01-16 19:11:07.105,2020-01-16 19:12:55.174,fascino,Fascino,https://www.fascino-coffee.com/,
218,2020-03-07 01:01:51.935,2020-03-07 01:03:35.841,variety coffee roasters,Variety Coffee Roasters,https://varietycoffeeroasters.com/,
219,2020-04-14 18:16:41.530,2020-04-14 18:18:19.573,fantome cafe,Fantome Café,https://fantomecafe.ca/,
220,2020-04-14 18:28:17.112,2020-04-14 18:32:14.534,back road motor coffee co.,Back Road Motor Coffee Co.,https://backroadcoffee.ca/,
221,2020-04-14 18:38:30.924,2020-04-14 18:40:57.429,barocco coffee,Barocco Coffee,https://www.baroccocoffee.com/,
227,2020-04-14 19:31:04.632,2020-04-14 19:31:43.988,las chicas del cafe,Las Chicas del Cafe,https://laschicasdelcafe.com/,
228,2020-04-14 19:35:00.317,2020-04-14 19:38:33.241,monigram coffee roasters,Monigram Coffee Roasters,https://monigram.ca/,
233,2020-04-14 20:03:06.685,2020-04-14 20:04:09.368,stereo coffee roasters,Stereo Coffee Roasters,https://stereocoffeeroasters.com/,
234,2020-04-14 20:09:45.800,2020-04-14 20:11:23.599,subtext coffee roasters,Subtext Coffee Roasters,https://www.subtext.coffee/,
235,2020-04-14 20:13:59.870,2020-04-14 20:15:06.863,van and co,Van and Co,https://www.vanandcocoffee.com/,
236,2020-04-17 14:49:22.914,2020-04-17 14:51:13.735,brulerie du quai,Brûlerie du Quai,https://www.brulerieduquai.com/,
46,2018-09-13 01:35:23.966,2018-09-14 02:22:19.243,julius coffee,Julius Coffee,https://juliuscoffee.com/,America/Toronto
45,2018-09-10 17:14:16.936,2018-09-14 02:32:53.844,pallet coffee roasters,Pallet Coffee Roasters,https://www.palletcoffeeroasters.com/,America/Vancouver
15,2017-09-23 09:44:45.916,2018-09-14 02:43:10.299,stumptown,Stumptown,https://www.stumptowncoffee.com,America/Los_Angeles
16,2017-09-24 14:07:29.144,2018-09-14 02:50:03.642,zab,Zab,https://zabcafe.com/,America/Montreal
49,2018-09-16 00:57:29.760,2018-09-16 01:19:34.409,ritual coffee,Ritual Coffee,https://www.ritualroasters.com/,
153,2019-09-08 16:24:07.544,2019-09-08 16:26:35.541,bolt coffee company,Bolt Coffee Company,https://www.boltcoffeecompany.com,
154,2019-09-10 14:31:26.209,2019-09-10 14:32:06.263,bonanza coffee roasters,Bonanza Coffee Roasters,https://bonanzacoffee.de,
157,2019-09-14 17:03:17.349,2019-09-16 18:34:53.761,quills coffee,Quills Coffee,https://www.quillscoffee.com,
163,2019-09-23 01:39:37.530,2019-09-23 01:45:51.938,swiezo palona,Świeżo Palona,https://swiezopalona.pl,
168,2019-10-03 01:11:11.617,2019-10-03 01:31:45.451,kahawa,Kahawa,https://kahawa.pl,
169,2019-10-04 19:09:59.198,2019-10-04 19:11:37.849,the library specialty coffee,The Library Specialty Coffee,https://www.thelibraryspecialtycoffee.com,
175,2019-10-18 15:24:14.852,2019-10-18 15:26:01.546,grounded roasterie,Grounded Roasterie,https://groundedroasterie.com/,
181,2019-10-28 01:36:13.157,2019-10-29 00:55:14.672,campos australia,Campos Australia,https://camposcoffee.com,
185,2019-11-01 00:08:07.708,2019-11-01 00:14:16.726,cloud picker coffee,Cloud Picker Coffee,https://cloudpickercoffee.ie,
187,2019-11-08 18:35:42.201,2019-11-08 18:37:18.547,ross street roasting co,Ross Street Roasting Co,https://www.rossstreetroasting.com,
192,2019-11-20 19:46:51.740,2019-11-20 19:47:41.518,gringo nordic coffee roasters,Gringo Nordic Coffee Roasters,https://www.gringonordic.se/,
216,2020-01-17 18:27:44.212,2020-01-17 18:29:23.023,crucible coffee roasters,Crucible Coffee Roasters,https://cruciblecoffee.com/,
208,2019-12-27 03:17:00.245,2019-12-28 01:06:04.852,presta coffee roasters,Presta Coffee Roasters,https://www.prestacoffee.com,
200,2019-12-11 21:42:19.816,2019-12-11 22:06:28.588,two hands full,Two Hands Full,https://thfcoffee.myshopify.com/,
201,2019-12-13 18:23:19.165,2019-12-13 18:31:42.513,dak coffee roasters,Dak Coffee Roasters,https://dakcoffeeroasters.com/,
205,2019-12-18 16:09:34.341,2019-12-18 16:11:51.568,nylon coffee roasters,Nylon Coffee Roasters,https://www.nyloncoffee.sg/,
212,2020-01-03 16:06:40.150,2020-01-03 19:47:33.149,assembly coffee,Assembly Coffee,https://assemblycoffee.co.uk,
213,2020-01-07 18:40:50.444,2020-01-07 18:43:03.638,sweetleaf coffee roasters,Sweetleaf Coffee Roasters,https://sweetleafcoffee.com/,
3,2017-09-20 01:56:06.022,2020-04-07 00:58:26.466,cantook micro torrefaction,Cantook Micro Torréfaction,https://cantookcafe.com/,America/Toronto
222,2020-04-14 18:45:48.717,2020-04-14 18:49:53.500,brothers coffee roasters,Brothers Coffee Roasters,https://brotherscoffeeroasters.com/,
229,2020-04-14 19:42:33.589,2020-04-14 19:44:05.923,not even coffee,Not Even Coffee,https://notevencoffee.ca/,
196,2019-12-05 02:13:26.374,2020-04-17 17:13:10.403,cafe canal,Café Canal,https://cafecanal.ca/,
42,2018-08-30 18:36:56.115,2018-09-14 02:31:02.245,onyx coffee lab,Onyx Coffee Lab,https://onyxcoffeelab.com/,America/Chicago
18,2017-09-28 20:29:59.446,2018-09-14 02:38:18.437,propeller coffee co,Propeller Coffee Co,https://propellercoffee.com/,America/Toronto
50,2018-09-16 23:47:30.542,2018-09-17 00:15:01.792,george howell coffee,George Howell Coffee,http://www.georgehowellcoffee.com/,
51,2018-09-17 00:20:23.092,2018-09-17 00:37:04.157,floozy,Floozy,https://www.floozycoffee.com/,
14,2017-09-23 09:08:06.189,2020-11-20 00:39:25.446,dispatch,Dispatch,https://dispatchcoffee.ca/,America/Toronto
52,2018-09-17 00:41:13.684,2018-09-17 00:49:25.462,matchstick,Matchstick,https://matchstickyvr.com/,
54,2018-09-22 21:34:34.987,2018-09-22 21:37:04.729,monogram coffee,Monogram Coffee,http://monogramcoffee.com/,
56,2018-09-28 01:28:34.756,2018-09-28 01:38:07.561,balzac's coffee roasters,Balzac's Coffee Roasters,https://www.balzacs.com/,
164,2019-09-23 16:17:48.112,2019-09-23 16:18:16.583,market lane coffee,Market Lane Coffee,https://marketlane.com.au,
62,2018-09-28 12:54:30.608,2018-09-28 13:03:17.324,cat & cloud,Cat & Cloud,https://catandcloud.com/,America/Los_Angeles
63,2018-10-03 02:18:24.218,2018-10-03 02:22:23.304,rosso coffee roasters,Rosso Coffee Roasters,https://www.rossocoffeeroasters.com,
64,2018-10-07 02:39:14.486,2018-10-07 03:57:22.716,kohi micro torrefacteur,Kohi Micro Torrefacteur,https://www.kohi.ca,
65,2018-10-07 04:06:11.942,2018-10-07 04:08:13.754,chance coffee,Chance Coffee,https://www.chancecoffee.ca,
70,2018-10-19 13:02:37.959,2020-06-15 00:47:01.063,two bears coffee,Two Bears Coffee,https://www.twobears.ca,
53,2018-09-19 21:50:31.824,2020-09-20 20:37:03.789,hatch coffee roasters,Hatch Coffee Roasters,https://www.hatchcrafted.com/,
68,2018-10-13 02:00:48.672,2018-10-13 02:05:14.382,the barn,The Barn,https://thebarn.de,
72,2018-10-22 01:20:16.413,2018-10-22 01:28:39.711,rooftop coffee roasters,Rooftop Coffee Roasters,https://www.rooftopcoffeeroasters.com,
78,2018-11-03 22:20:40.617,2018-11-03 22:36:49.431,irving farm new york,Irving Farm New York,https://irvingfarm.com,
77,2018-11-02 13:06:32.739,2018-11-15 04:00:57.869,seth taylor: coffee by design,Seth Taylor: Coffee By Design,https://sethtaylor.ca/,America/Toronto
66,2018-10-07 17:21:41.700,2018-11-11 22:28:51.924,everyday gourmet coffee roasters,Everyday Gourmet Coffee Roasters,https://www.everydaycoffee.com/,
80,2018-11-17 15:23:34.711,2018-11-17 17:10:34.686,nektar torrefacteur,Nektar Torréfacteur,https://nektar.ca/,America/Montreal
81,2018-11-28 17:28:36.262,2018-11-28 17:32:18.845,methodical coffee,Methodical Coffee,https://methodicalcoffee.com,America/New_York
71,2018-10-21 01:26:41.205,2018-12-08 16:08:05.956,luna coffee,Lüna Coffee,https://enjoylunacoffee.com/shop/,America/Vancouver
82,2018-12-10 02:38:41.937,2018-12-10 02:43:08.450,la finca distribution corp.,La Finca Distribution Corp.,https://www.lafincadistribution.com/,America/Vancouver
55,2018-09-23 23:44:54.236,2019-01-09 03:24:47.510,timbertrain coffee roaster,Timbertrain Coffee Roaster,https://www.timbertraincoffeeroasters.com/,America/Vancouver
73,2018-10-26 12:22:17.413,2019-01-09 03:30:54.718,drop coffee roasters,Drop Coffee Roasters,https://www.dropcoffee.com/,
75,2018-10-31 12:34:21.083,2019-01-09 03:36:07.783,the coffee collective,The Coffee Collective,https://coffeecollective.dk/,
84,2018-12-20 16:31:51.850,2018-12-20 16:32:17.138,lenoir lacroix,Lenoir Lacroix,https://lenoirlacroix.ca,
67,2018-10-10 14:08:55.458,2019-01-02 18:48:56.428,outpost coffee roasters,Outpost Coffee Roasters,https://outpostcoffee.com,
155,2019-09-11 17:02:21.554,2019-09-11 17:03:04.158,mala czarna,Mala Czarna,https://www.facebook.com/pg/palarniamalaczarna/shop,
7,2017-09-22 01:20:04.754,2019-01-09 03:05:13.382,ditta artigianale,Ditta Artigianale,http://www.dittaartigianale.it/,
32,2018-01-04 21:28:39.507,2019-01-09 03:11:34.703,rocanini coffee roasters,Rocanini Coffee Roasters,https://www.rocanini.com,America/Vancouver
35,2018-01-04 23:17:33.762,2019-01-09 03:22:40.965,wrecking ball coffee roasters,Wrecking Ball Coffee Roasters,https://www.wreckingballcoffee.com,America/Los_Angeles
69,2018-10-17 13:34:17.403,2019-01-09 03:28:22.327,pop coffee works,Pop Coffee Works,https://www.popcoffeeworks.com/,America/Toronto
74,2018-10-30 22:43:33.978,2019-01-09 03:33:07.257,high seas coffee co.,High Seas Coffee Co.,https://highseascoffee.co/,
76,2018-10-31 13:25:39.132,2019-01-09 03:37:39.923,little victories coffee roasters,Little Victories Coffee Roasters ,https://www.lvcoffee.ca/,America/Toronto
87,2019-01-03 21:05:31.127,2019-01-09 03:40:28.583,la cabra coffee roasters,La Cabra Coffee Roasters ,https://www.lacabra.dk/,
83,2018-12-17 16:35:50.167,2019-01-09 03:41:45.263,drumroaster coffee,Drumroaster Coffee,https://www.drumroaster.com/,America/Vancouver
88,2019-01-12 14:05:04.435,2019-01-12 14:05:42.278,caffenation,Caffenation,https://caffenation.be,
102,2019-02-07 23:45:30.106,2019-02-07 23:51:39.619,the colombian mountain coffee,The Colombian Mountain Coffee,https://www.thecolombian.ca/,
89,2019-01-12 14:05:33.472,2019-01-12 14:10:51.729,back to black,Back to Black,http://www.backtoblackcoffee.nl/en/,
91,2019-01-12 14:27:33.356,2019-01-12 14:27:58.263,kolonel coffee roasters,Kolonel Coffee Roasters,https://kolonelcoffee.be,
90,2019-01-12 14:26:55.517,2019-01-12 14:29:39.277,cafe capitale,Café Capitale,https://cafecapitale.com,
5,2017-09-22 01:18:39.558,2019-03-24 04:30:10.075,nomad,Nomad,https://nomadcoffee.es/,
97,2019-01-21 12:58:35.763,2019-01-22 04:16:25.193,no6 coffee co.,No6 Coffee Co.,https://no6coffee.co/,America/Vancouver
95,2019-01-17 15:02:36.967,2019-01-18 00:37:50.268,regalia company,Regalia Company,https://regaliacompany.com/,
96,2019-01-19 14:44:51.754,2019-01-19 14:45:20.864,coffee manufactory,Coffee Manufactory,https://www.coffeemanufactory.com,
98,2019-01-23 01:04:02.656,2019-01-23 01:07:32.246,prairie lily,Prairie Lily,https://www.prairielilycoffee.com/,
100,2019-01-30 13:48:52.514,2019-02-03 03:35:19.543,augies coffee roasters,Augies Coffee Roasters,https://augies.coffee/,
99,2019-01-24 21:32:59.105,2019-02-06 16:52:32.582,sweet bloom coffee roasters,Sweet Bloom Coffee Roasters,https://sweetbloomcoffee.com/,
101,2019-02-06 16:54:28.583,2019-02-06 17:49:54.368,escape coffee roasters,Escape Coffee Roasters,https://www.escape.cafe,
209,2019-12-27 22:58:24.326,2019-12-27 22:58:24.326,paradise coffee roasters,Paradise Coffee Roasters,https://paradiseroasters.com,
105,2019-02-15 01:29:26.789,2019-02-15 01:32:16.823,typeface coffee roasters,Typeface Coffee Roasters,https://www.typefacecoffeeroasters.com/,
92,2019-01-12 14:36:23.614,2019-07-18 16:00:45.289,belga and co.,Belga and Co.,https://www.belgacoffee.com,
93,2019-01-16 18:15:50.788,2019-03-25 22:49:19.128,rabbit hole roasters,Rabbit Hole Roasters,https://www.rabbitholeroasters.com,America/Montreal
104,2019-02-13 01:03:16.455,2019-02-15 02:52:17.468,cafe pista,Café Pista,https://www.cafepista.com/,
19,2017-10-12 23:52:18.358,2019-03-08 22:54:06.676,sam james coffee bar,Sam James Coffee Bar,https://www.samjamescoffeebar.com,America/Toronto
120,2019-04-19 22:04:43.813,2019-04-19 22:05:20.421,partners coffee roasters,Partners Coffee Roasters,https://www.partnerscoffee.com,
107,2019-03-15 00:29:48.904,2020-09-20 20:37:52.422,java roasters,JAVA ROASTERS,https://www.javaroasters.ca/,
108,2019-03-20 01:16:36.813,2019-03-20 01:29:14.383,magpie coffee roasters,Magpie Coffee Roasters,https://www.magpieroasters.com,
109,2019-03-20 23:51:12.914,2019-03-20 23:57:08.769,jj bean,JJ Bean,https://jjbeancoffee.com,
156,2019-09-12 18:26:57.573,2019-09-12 18:31:02.761,verve coffee roasters,Verve Coffee Roasters,https://www.vervecoffee.com,
106,2019-03-14 23:19:59.947,2019-04-01 17:15:52.662,le bruloir,Le Bruloir,https://www.lebruloir.com,America/Montreal
111,2019-04-03 14:52:13.670,2019-04-03 14:52:57.220,lark coffee roasters,Lark Coffee Roasters,https://larkcoffee.ca,
113,2019-04-11 01:03:50.805,2019-04-11 01:12:03.975,new harvest coffee,New Harvest Coffee,https://newharvestcoffee.com,
114,2019-04-11 03:23:40.349,2019-04-12 03:27:01.821,apex coffee roasters,Apex Coffee Roasters,https://www.apexcoffeeroasters.com,
112,2019-04-10 17:04:27.514,2019-04-12 03:28:12.122,pure intentions coffee,Pure Intentions Coffee,https://pureintentionscoffee.com/,
115,2019-04-11 22:08:10.054,2019-04-12 03:29:11.976,st. ali coffee,ST. ALi COFFEE,https://stali.com.au,
116,2019-04-12 01:46:08.271,2019-04-12 03:46:20.890,speckled ax,Speckled Ax,https://speckledax.com/,
117,2019-04-12 03:53:39.118,2019-04-12 03:54:08.887,brandywine coffee roasters,Brandywine Coffee Roasters,https://www.brandywinecoffeeroasters.com/,
118,2019-04-13 00:13:01.263,2019-04-13 01:00:14.144,jebena specialty coffee,Jebena Specialty Coffee,https://www.jebenacoffees.com,
119,2019-04-13 01:03:44.003,2019-04-13 01:04:07.241,hi-top coffee,Hi-Top Coffee,https://hi-topcoffee.com,
121,2019-04-27 14:48:39.834,2019-04-27 14:50:49.885,discovery coffee,Discovery Coffee,https://discoverycoffee.com,
122,2019-05-12 17:52:46.781,2019-05-12 17:55:53.529,foglifter coffee,Foglifter Coffee,https://www.fogliftercoffee.com,
125,2019-05-21 15:00:41.892,2019-05-22 14:19:15.638,go get em tiger,Go Get Em Tiger,https://gget.com/,
124,2019-05-17 16:54:14.981,2019-06-27 02:10:51.657,sey coffee,Sey Coffee,https://www.seycoffee.com/,
127,2019-06-25 21:24:47.249,2019-06-27 02:15:04.763,cupping room coffee roasters,Cupping Room Coffee Roasters,https://cuppingroom.hk/,
129,2019-06-29 21:09:51.227,2019-06-29 21:14:27.755,gardelli specialty coffee,Gardelli Specialty Coffee,https://shop.gardellicoffee.com/,
130,2019-06-30 02:25:20.218,2019-06-30 02:25:54.616,sump coffee,Sump Coffee,https://www.sumpcoffee.com,
135,2019-07-15 23:19:46.343,2019-07-16 00:46:11.146,bridgehead,Bridgehead,https://www.bridgehead.ca,
133,2019-07-05 19:30:34.134,2019-07-18 16:18:23.497,passenger coffee roasting,Passenger Coffee Roasting,https://www.passengercoffee.com/,
136,2019-07-18 15:51:31.366,2019-07-18 17:23:44.664,vesta coffee roasters,Vesta Coffee Roasters,https://vestacoffee.com,America/Los_Angeles
128,2019-06-27 22:20:07.095,2019-07-18 16:03:53.664,morgon coffee roasters,Morgon Coffee Roasters,https://www.morgoncoffeeroasters.com/,
131,2019-07-02 14:44:45.165,2019-07-18 16:10:16.383,koppi,Koppi,https://www.koppi.se/,
158,2019-09-16 00:57:12.096,2019-09-16 01:38:30.505,doma coffee roasting company,DOMA Coffee Roasting Company,https://domacoffee.com,
165,2019-09-25 18:08:43.201,2019-09-25 18:10:56.930,onda origins,Onda Origins,https://ondaorigins.com,
170,2019-10-06 01:38:54.065,2019-10-06 01:49:28.228,five & hoek coffee,Five & Hoek Coffee,https://www.fiveandhoek.com,
172,2019-10-11 15:34:40.113,2019-10-11 15:35:35.781,climpson & sons,Climpson & Sons,https://climpsonandsons.com/,
174,2019-10-18 01:24:41.688,2019-10-18 01:45:39.677,(8mdt) huit maison de torrefaction,(8MDT) HUIT Maison de torréfaction,https://8mdt.ca/,
176,2019-10-18 20:12:51.902,2019-10-18 20:15:29.881,crs coffee roasters,CRS Coffee Roasters,http://www.coffeeroasters.pl,
177,2019-10-23 01:18:39.606,2019-10-24 01:59:15.060,red rooster coffee,Red Rooster Coffee,https://redroostercoffee.com,
179,2019-10-24 01:51:29.548,2019-10-29 01:02:59.464,campos north america,Campos North America,https://us.camposcoffee.com,
188,2019-11-08 21:26:47.045,2019-11-08 21:28:29.098,autumn coffee roasters,Autumn Coffee Roasters,http://acr.coffee,
193,2019-11-22 00:05:09.842,2019-11-22 14:24:30.722,andytown coffee roasters,Andytown Coffee Roasters,https://www.andytownsf.com,
197,2019-12-06 19:18:19.845,2019-12-06 19:22:33.205,analog coffee,Analog Coffee,https://www.analogcoffee.ca,
202,2019-12-16 02:18:50.727,2019-12-16 02:39:56.576,supreme roastworks.,supreme roastworks.,https://www.srw.no,
206,2019-12-18 17:39:20.809,2019-12-18 17:40:25.143,pala kaffeebrenneri,Pala Kaffeebrenneri,https://www.pala.no/,
207,2019-12-19 19:05:49.247,2019-12-19 19:15:24.233,andrew's roastworks,Andrew's Roastworks,https://papamama.id/,
210,2020-01-01 20:19:49.827,2020-01-02 01:04:19.226,kb coffee roasters,KB Coffee Roasters,https://kbcoffeeroasters.com,
126,2019-05-29 16:20:09.240,2020-01-04 01:16:26.650,elysian coffee roasters,Elysian Coffee Roasters,https://elysiancoffee.com,
214,2020-01-15 19:31:03.934,2020-01-15 19:31:54.635,caffe vita,Caffe Vita,https://www.caffevita.com/,
217,2020-01-22 17:38:26.542,2020-01-22 17:45:52.102,stone creek coffee,Stone Creek Coffee,https://www.stonecreekcoffee.com/,
94,2019-01-17 02:12:10.625,2020-04-13 20:03:25.237,tim wendelboe,Tim Wendelboe,https://timwendelboe.no/,
223,2020-04-14 18:57:28.790,2020-04-14 18:59:07.621,brown bag coffee roasters,Brown Bag Coffee Roasters,https://bbcr.ca/,
224,2020-04-14 19:05:48.300,2020-04-14 19:10:46.834,espanola coffee roasters,Espanola Coffee Roasters,https://espanolacoffeeroasters.com/,
225,2020-04-14 19:19:46.738,2020-04-14 19:20:56.031,ethica coffee roasters,Ethica Coffee Roasters,https://ethicaroasters.com/,
226,2020-04-14 19:24:48.348,2020-04-14 19:25:48.300,happy goat coffee,Happy Goat Coffee,https://www.happygoatcoffee.com/,
230,2020-04-14 19:47:06.600,2020-04-14 19:48:14.302,signal coffee co.,Signal Coffee Co.,https://signalcoffeeco.com/,
231,2020-04-14 19:52:06.085,2020-04-14 19:52:42.589,sly and sons coffee roasters,Sly and Sons Coffee Roasters,https://slyandsons.com/,
232,2020-04-14 19:55:26.903,2020-04-14 19:57:35.140,smile tiger coffee roasters,Smile Tiger Coffee Roasters,https://smiletigercoffee.com/,
238,2020-05-03 17:58:41.456,2020-05-03 17:59:41.402,melk cafe,Melk Cafe,https://melk-cafe.myshopify.com/,
132,2019-07-04 19:38:05.229,2019-07-18 16:15:31.914,april coffee roasters,April Coffee Roasters,https://www.aprilcoffeeroasters.com/,
134,2019-07-12 20:14:01.481,2019-07-18 16:23:20.936,kakalove cafe,Kakalove Cafe,https://www.kakalovecafe.com.tw/,
137,2019-07-19 13:31:43.001,2019-07-19 13:32:40.445,mok coffee,MOK Coffee,https://mokcoffee.be/,
139,2019-07-19 23:46:02.890,2019-07-19 23:59:09.614,carabello coffee,Carabello Coffee,https://www.carabellocoffee.com/,
140,2019-07-23 14:41:52.695,2019-07-23 15:03:44.239,fernwood,Fernwood,https://fernwoodcoffee.com,
141,2019-07-23 15:11:23.322,2019-07-23 15:19:47.846,five elephant,Five Elephant,https://www.fiveelephant.com,
159,2019-09-17 15:07:57.766,2019-09-17 15:10:41.918,kickapoo coffee roasters,Kickapoo Coffee Roasters,https://kickapoocoffee.com,
142,2019-07-28 13:17:41.717,2019-07-31 19:30:29.302,contrabean roasting company,Contrabean Roasting Company,https://www.contrabean.ca,America/Toronto
143,2019-08-01 17:51:20.565,2019-08-01 18:04:28.992,leuchtfeuer,Leuchtfeuer,https://www.leuchtfeuer.coffee,
103,2019-02-11 02:43:06.525,2019-08-03 17:03:34.466,rogue wave,Rogue Wave,https://www.roguewavecoffee.ca,
161,2019-09-18 23:51:33.390,2019-09-19 00:37:56.108,eleven speed coffee,Eleven Speed Coffee,https://www.elevenspeedcoffee.ca,
144,2019-08-03 21:06:20.867,2019-08-06 01:01:45.720,cafe lanterne,Cafe Lanterne,https://www.cafelanterne.com,
145,2019-08-06 16:20:35.698,2019-08-06 18:44:36.086,garage coffee bros,Garage Coffee Bros,https://garagecoffeebros.com,
146,2019-08-07 14:53:59.299,2019-08-07 14:57:58.808,atkinsons coffee roasters,Atkinsons Coffee Roasters,https://thecoffeehopper.com,
147,2019-08-11 19:21:05.497,2019-08-11 19:21:39.321,heilandt,Heilandt,https://www.heilandt.de,
148,2019-08-14 20:57:50.930,2019-08-14 21:12:19.301,monkland coffee roasters,Monkland Coffee Roasters,https://monklandcoffee.com,
149,2019-08-27 14:32:00.079,2019-08-27 14:35:16.467,david kim coffee,David Kim Coffee,https://www.davidkimcoffee.com,
150,2019-08-31 02:43:09.598,2019-08-31 03:12:06.284,social coffee,Social Coffee,https://www.socialcoffee.com,
162,2019-09-19 17:15:45.631,2019-09-19 17:17:01.617,receiver coffee company,Receiver Coffee Company,https://receivercoffee.com,
166,2019-10-01 00:36:10.777,2019-10-01 01:15:35.979,ilse coffee,Ilse Coffee,https://ilsecoffee.com,
171,2019-10-09 17:54:03.237,2019-10-09 17:55:20.223,populus coffee,Populus Coffee,https://populuscoffee.de/,
178,2019-10-23 19:24:46.341,2019-10-23 19:25:56.906,cartel coffee lab,Cartel Coffee Lab,https://www.cartelcoffeelab.com,
182,2019-10-30 18:48:40.296,2019-10-30 18:49:26.068,oven heaven,Oven Heaven,https://ovenheaven.fr/,
189,2019-11-13 20:46:22.620,2019-11-13 20:48:50.769,good life coffee,Good Life Coffee,https://goodlifecoffee.fi/,
190,2019-11-13 21:10:24.297,2019-11-13 21:11:08.896,the brick coffee roastery,The Brick Coffee Roastery,https://thebrickcoffee.ee/,
194,2019-11-22 14:38:02.461,2019-11-27 15:56:32.878,heart roasters,Heart Roasters,https://www.heartroasters.com,
138,2019-07-19 14:36:03.211,2019-12-13 17:07:06.178,mayflower cafe,Mayflower Cafe,https://mayflowercafe.ca/,
198,2019-12-06 20:59:37.497,2019-12-06 21:01:04.811,black sheep coffee australia,Black Sheep Coffee Australia,https://blacksheepcoffee.com.au/,
203,2019-12-18 14:49:09.309,2019-12-18 14:49:31.517,tourist coffee roasters,Tourist Coffee Roasters,https://touristcoffee.com,
79,2018-11-07 13:35:53.278,2020-04-17 16:55:56.250,social coffee roasters,Social Coffee Roasters,http://socialcoffeeroasters.ca/,
237,2020-04-17 14:59:12.468,2020-09-20 20:36:48.460,p.s. roasters,P.S. Roasters,https://elena-club-social-p-s.myshopify.com/collections/ps-roasters/coffee,
239,2020-05-27 19:58:25.628,2020-05-27 20:02:02.157,bean et bonheur,Bean et Bonheur,https://www.beanbonheur.com/,
240,2020-06-01 13:32:50.260,2020-06-01 13:37:50.819,deluis coffee,Deluis Coffee,https://deluiscoffee.com/,
110,2019-03-25 02:38:08.117,2020-09-20 20:35:14.815,quietly coffee,Quietly Coffee,https://www.quietlycoffee.com,
10,2017-09-22 01:21:04.326,2020-09-20 20:36:32.707,kaito,Kaito,https://kaitocoffee.com,America/Montreal
